create table issue291 (id serial8 not null primary key, title text);
create index idxissue292 on issue291 using zombodb ( (issue291.*) );
insert into issue291 (title) values ('one');
insert into issue291 (title) values ('two');
insert into issue291 (title) values ('three');
insert into issue291 (title) values ('four');
insert into issue291 (title) values ('five');
insert into issue291 (title) values ('six');
insert into issue291 (title) values ('seven');
insert into issue291 (title) values ('eight');
insert into issue291 (title) values ('nine');
insert into issue291 (title) values ('ten');
select * from issue291 where issue291 ==> dsl.limit(5, dsl.sort('title', 'desc', '')) order by id limit 5;
 id | title 
----+-------
  2 | two
  3 | three
  6 | six
  7 | seven
 10 | ten
(5 rows)

update issue291 set id = id;
select * from issue291 where issue291 ==> dsl.limit(5, dsl.sort('title', 'desc', '')) order by id limit 5;
 id | title 
----+-------
  2 | two
  3 | three
  6 | six
  7 | seven
 10 | ten
(5 rows)

drop table issue291;
